Марка,Ціна в $,Місто
BMW 5 Series 2021,    51 500 $    ,Кременчук 
BMW 3 Series 2021,    68 790 $    ,Івано-Франківськ 
BMW X5 2021,    126 144 $    ,Запоріжжя 
BMW X5 2021,    68 358 $    , 
BMW X6 M 2020,    205 568 $    , 
BMW F Series 2020,    18 221 $    , 
BMW X6 2021,    136 574 $    , 
BMW G Series 2020,    7 242 $    ,Харків 
BMW 3 Series 2021,    68 620 $    ,Запоріжжя 
BMW R Series 2020,    28 000 $    ,Харків 
BMW X3 2021,    56 263 $    ,Ужгород 
BMW X5 2021,    68 577 $    , 
BMW X5 2021,    68 827 $    ,Житомир 
BMW X5 2021,    155 084 $    ,Вінниця 
BMW X5 2021,    68 078 $    , 
BMW X4 2021,    70 922 $    ,Житомир 
BMW X5 M 2021,    217 248 $    ,Київ 
BMW 3 Series 2021,    71 325 $    , 
BMW X7 2021,    140 790 $    , 
BMW 5 Series 2021,    55 463 $    , 
BMW X7 2021,    139 384 $    ,Львів 
BMW F Series 2021,    15 902 $    , 
BMW X5 2021,    67 388 $    , 
BMW X6 2021,    126 320 $    ,Житомир 
BMW 3 Series 2021,    74 355 $    ,Ужгород 
BMW 7 Series 2021,    144 831 $    ,Київ 
BMW 7 Series 2021,    121 904 $    , 
BMW F Series 2020,    13 607 $    ,Харків 
BMW S Series 2020,    28 879 $    ,Харків 
BMW X5 2021,    131 984 $    , 
BMW F Series 2020,    16 002 $    ,Харків 
BMW X6 M 2021,    220 752 $    , 
BMW 3 Series 2021,    70 462 $    ,Вінниця 
BMW X6 2021,    123 808 $    , 
BMW X5 2018,    232 070 $    ,Київ 
BMW 7 Series 2021,    149 503 $    ,Київ 
BMW M8 2020,    233 599 $    ,Київ 
BMW X7 2021,    148 335 $    ,Київ 
BMW X5 2021,    68 478 $    ,Миколаїв 
BMW X6 2021,    142 755 $    ,Київ 
BMW M5 2021,    163 519 $    , 
BMW 7 Series 2021,    151 839 $    ,Одеса 
BMW X6 M 2020,    221 920 $    ,Київ 
BMW X7 2021,    155 733 $    ,Київ 
BMW X4 2021,    61 079 $    , 
BMW S Series 2021,    26 500 $    ,Херсон 
BMW 3 Series 2021,    72 630 $    ,Харків 
BMW X6 2021,    145 999 $    , 
BMW R Series 2021,    29 400 $    ,Херсон 
BMW X5 2021,    67 798 $    , 
BMW X3 2021,    56 263 $    ,Вінниця 
BMW X3 2021,    73 584 $    , 
BMW M5 2021,    210 240 $    ,Київ 
BMW F Series 2021,    14 100 $    ,Херсон 
BMW X3 2021,    55 624 $    ,Харків 
BMW M5 2021,    242 683 $    , 
BMW X7 2021,    134 320 $    , 
BMW R Series 2021,    21 800 $    , 
BMW X5 2021,    68 638 $    ,Вінниця 
BMW 7 Series 2021,    162 352 $    ,Київ 
BMW F Series 2020,    16 002 $    ,Запоріжжя 
BMW R Series 2021,    33 000 $    ,Херсон 
BMW X5 2021,    67 798 $    ,Харків 
BMW X5 2021,    68 261 $    , 
BMW K Series 2020,    33 288 $    ,Харків 
BMW R Series 2020,    23 126 $    ,Харків 
BMW R Series 2021,    24 978 $    ,Харків 
BMW 3 Series 2021,    68 620 $    ,Запоріжжя 
BMW R Series 2021,    23 243 $    ,Харків 
BMW R Series 2021,    19 038 $    , 
BMW R Series 2021,    17 053 $    ,Харків 
BMW X3 2020,    60 736 $    , 
BMW X5 2021,    68 263 $    , 
BMW X3 2021,    58 361 $    ,Полтава 
BMW X5 2021,    68 328 $    ,Одеса 
BMW X5 2021,    69 232 $    , 
BMW X3 2021,    56 818 $    ,Львів 
BMW X5 2021,    69 232 $    ,Львів 
BMW X7 2021,    102 772 $    ,Полтава 
BMW X4 2021,    61 079 $    ,Одеса 
BMW X5 2021,    120 529 $    ,Львів 
BMW X3 2021,    56 649 $    ,Одеса 
BMW X7 2021,    102 772 $    ,Полтава 
BMW X4 2021,    61 079 $    ,Одеса 
BMW X1 2021,    45 950 $    , 
BMW 3 Series 2021,    45 826 $    ,Одеса 
BMW R Series 2020,    21 024 $    ,Львів 
BMW S Series 2020,    23 348 $    ,Одеса 
BMW F Series 2020,    16 031 $    ,Львів 
BMW F Series 2020,    15 476 $    ,Львів 
BMW S Series 2020,    33 779 $    ,Одеса 
BMW R Series 2021,    19 856 $    , 
BMW F Series 2021,    20 627 $    ,Одеса 
BMW F Series 2020,    12 614 $    ,Одеса 
BMW F Series 2020,    15 183 $    ,Одеса 
BMW R Series 2020,    31 495 $    ,Одеса 
BMW G Series 2020,    7 358 $    ,Львів 
BMW G Series 2021,    8 258 $    ,Львів 
BMW R Series 2021,    28 838 $    ,Львів 
